-- phpMyAdmin SQL Dump
-- version 5.0.2
-- https://www.phpmyadmin.net/
--
-- Хост: 127.0.0.1
-- Час створення: Чрв 29 2020 р., 20:50
-- Версія сервера: 10.4.11-MariaDB
-- Версія PHP: 7.4.4

SET SQL_MODE = "NO_AUTO_VALUE_ON_ZERO";
START TRANSACTION;
SET time_zone = "+00:00";


/*!40101 SET @OLD_CHARACTER_SET_CLIENT=@@CHARACTER_SET_CLIENT */;
/*!40101 SET @OLD_CHARACTER_SET_RESULTS=@@CHARACTER_SET_RESULTS */;
/*!40101 SET @OLD_COLLATION_CONNECTION=@@COLLATION_CONNECTION */;
/*!40101 SET NAMES utf8mb4 */;

--
-- База даних: `bookshop_2`
--

--
-- Дамп даних таблиці `activities`
--

INSERT INTO `activities` (`customer_id`, `browser`, `date`, `leave time`, `visit time`, `ip`) VALUES
(3, 'Safari', '2020-06-17', '18:13:18', '18:20:24', '196.185.138.103'),
(2, 'Mozilla Firefox', '2020-06-22', '15:15:22', '15:23:29', '155.124.103.250'),
(3, 'Opera', '2020-06-20', '18:20:01', '18:32:26', '66.78.213.105'),
(6, 'Google Chrome', '2020-06-23', '17:17:39', '17:29:29', '199.32.15.209'),
(9, 'Safari', '2020-06-22', '09:12:29', '09:35:34', '10.184.229.156'),
(8, 'Internet Explorer', '2020-06-21', '11:19:18', '11:45:10', '158.141.155.135'),
(1, 'Google Chrome', '2020-06-24', '19:35:09', '19:54:56', '250.66.14.60'),
(7, 'Safari', '2020-06-18', '07:21:02', '07:25:20', '12.61.130.245'),
(10, 'Google Chrome', '2020-06-25', '23:28:38', '23:45:16', '234.97.208.243'),
(4, 'Google Chrome', '2020-06-25', '09:13:18', '09:27:56', '227.109.226.204'),
(5, 'Mozilla Firefox', '2020-06-22', '14:58:09', '15:05:26', '146.45.195.20');

--
-- Дамп даних таблиці `authors`
--

INSERT INTO `authors` (`id`, `first_name`, `last_name`, `www`, `biography`, `rank`) VALUES
(1, 'Оскар', 'Вайлд', 'https://uk.wikipedia.org/wiki/Оскар_Вайлд', 'Ім\'я при народженні	Оскар Фінгал О\'Флагерті Вілс Вайлд (англ. Oscar Fingal O\'Flahertie Wills Wilde)\r\nПсевдо	С.3.3. і Себастьян Мельмот ( Sebastian Melmoth)\r\nНародився	16 жовтня 1854\r\nДублін, Сполучене Королівство\r\nПомер	30 листопада 1900(46 років)\r\nПариж, Франція менінгіт', 1),
(2, 'Джордж', 'Оруелл', 'https://uk.wikipedia.org/wiki/Джордж_Орвелл', 'Ім\'я при народженні	Ерік Артур Блер (англ. Eric Arthur Blair)\r\nПсевдо	Джордж Орвелл,\r\nДжон Фрімен (англ. John Freeman)\r\nНародився	25 червня 1903[1][2][…]\r\nMotiharid, Tirhut divisiond, Біхар, Британська Індія\r\nПомер	21 січня 1950[1][2][…] (46 років)\r\nЛондон, Велика Британія[1]\r\n·туберкульоз\r\n', 2),
(3, 'Стівен', 'Кінг', 'https://uk.wikipedia.org/wiki/Стівен_Кінг', 'Ім\'я при народженні	англ. Stephen Edwin King[1]\r\nПсевдо	Річард Бахман\r\nДжон Свіфен\r\nНародився	21 вересня 1947 (72 роки)', 3),
(4, 'Чарльз', 'Диккенс', 'https://ru.wikipedia.org/wiki/Диккенс,_Чарльз', 'мя при рождении	Чарльз Джон Хаффем Диккенс\r\nПсевдонимы	Boz\r\nДата рождения	7 февраля 1812[1][2][3][…]\r\nМесто рождения	\r\nЛендпорт[d], Портсмут[d], Гэмпшир, Великобритания[2][7][8][…]\r\nДата смерти	9 июня 1870[4][5][6][…] (58 лет)', 2),
(5, 'Вільям', 'Шекспір', 'https://uk.wikipedia.org/wiki/Вільям_Шекспір', 'Прізвисько	Bard of Avon\r\nНародився	\r\n23 квітня 1564р.,\r\n\r\nхрещений 26 квітня 1564\r\nСтретфорд-на-Ейвоні\r\nПомер	23 квітня (3 травня) 1616\r\nСтретфорд-на-Ейвоні\r\n·гарячка', 5),
(6, 'Оноре', 'де Бальзак', 'https://uk.wikipedia.org/wiki/Оноре_де_Бальзак', 'Ім\'я при народженні	Honoré de Balzac\r\nПсевдо	Horace de Saint-Aubin, Lord R’Hoone і Viellerglé\r\nНародився	20 травня 1799\r\nТур, Французька республіка\r\nПомер	18 серпня 1850 (51 рік)\r\nПариж, Французька імперія\r\n·гангрена', 2),
(7, 'Марґарет', 'Мітчелл', 'https://uk.wikipedia.org/wiki/Марґарет_Мітчелл', 'Ім\'я при народженні	англ. Margaret Munnerlyn Mitchell\r\nПсевдо	Margaret Mitchell\r\nНародилася	8 листопада 1900\r\nАтланта, Джорджія, США\r\nПомерла	16 серпня 1949 (48 років)\r\nАтланта, Джорджія, США\r\n·дорожньо-транспортна пригода', 3),
(8, 'Габрієль', 'Гарсія', 'https://uk.wikipedia.org/wiki/Габрієль_Гарсія_Маркес', 'Ім\'я при народженні	ісп. Gabriel José de la Concordia García Márquez\r\nПрізвисько	Gabo і Gabito\r\nПсевдо	Габо (Gabo)\r\nНародився	6 березня 1927\r\nАракатака, провінція Магдалена, Колумбія\r\nПомер	17 квітня 2014 (87 років)\r\nМехіко, Мексика\r\n·Лімфома і пневмонія', 2),
(9, 'Артур', 'Конан Дойл', 'https://uk.wikipedia.org/wiki/Артур_Конан_Дойл', 'Артур Ігнатіус Конан Дойл\r\nНародився	22 травня 1859\r\nЕдинбург, Шотландія\r\nПомер	7 липня 1930 (71 рік)\r\nWindlesham Manord, Кроуборо, Велика Британія\r\n·зупинка серця', 2),
(10, 'Михайло', 'Булгаков', 'https://uk.wikipedia.org/wiki/Булгаков_Михайло_Опанасович', 'Булгаков у 1910-х роках\r\nПсевдо	Агарин, М. Б., Булл., М.Булл., Михаил Булл.\r\nНародився	3 (15) травня 1891\r\nКиїв, Російська імперія\r\nПомер	10 березня 1940 (48 років)\r\nМосква, СРСР\r\n·ниркова недостатність', 3),
(11, 'Харпер', 'Ли', NULL, 'Нелле Харпер Ли родилась 28 апреля 1926 года в Монровиле, штат Алабама. Монровиль - город с населением около 7 000 человек относится к округу Монро, в котором проживают 24 000 человек. Монровиль расположен на юго-западе Алабамы, на полпути между Монтгомери и Мобилем.', 3),
(12, 'Федор', 'Достоевский', NULL, 'Достоевский Федор Михайлович (30.10.1821 года - 28.01.1881 года) - великий русский писатель.\r\nРодился в Москве. Отец, Михаил Андреевич (1789—1839),— врач (штаб-лекарь) московской Мариинской больницы для бедных, в 1828 получил звание потомственного дворянина.', 8),
(13, 'Борис', 'Стругацкий', NULL, 'Родился в Ленинграде. Окончил математико-механический факультет Ленинградского Государственного университета по специальности \"звездный астроном\". Работал в Пулковской обсерватории. С 1966 года - профессиональный писатель, член Союза Писателей СССР.\r\n\r\n', 2),
(14, 'Александр', 'Дюма', NULL, 'Александр Дюма – выдающийся французский драматург, романист, поэт, писатель, сказочник, биограф, журналист и вообще выдающийся человек, родился 24 июля 1802 года в городе Вилле-Котре, недалеко от Парижа. В метрике его полное имя было записано как \"Александр Дюма Дави де Пайетери\".', 10),
(15, 'Джейн', 'Остин', NULL, 'Джейн Остин (англ. Jane Austen, возможно написание Остен, 1775—1817) — английская писательница, провозвестница реализма в британской литературе, основоположница семейного, «дамского романа». Её книги являются признанными шедеврами и покоряют безыскусной искренностью и простотой сюжета, на фоне глубокого психологического проникновения в души героев и ироничного, мягкого, истинно «английского» юмора. Джейн Остин до сих пор по праву считают «Первой леди» английской литературы. Её произведения обязательны для изучения во всех колледжах и университетах Великобритании.', 8),
(16, 'Маркус', 'Зузак', NULL, 'Маркус Зузак (Markus Zusak) — австралийский писатель, младший из четырех детей. Его родители выходцы из Австрии; мать немка, отец работал маляром. В одном из интервью Зузак рассказал, что пока рос слышал многочисленные истории о нацистской Германии, бомбежках Мюнхена и евреях, которые проходили через маленький немецкий городок, в котором жила его мать. Все эти истории вдохновили Маркуса на написание романа «Книжный вор».', 6);

--
-- Дамп даних таблиці `book`
--

INSERT INTO `book` (`id`, `name`, `price_id`, `data`, `isbn`, `title`, `cover`, `pages`, `categories_id`, `books_authors_id`, `publisher_id`, `reviews_id`) VALUES
(1, 'The Picture of Dorian Gray', 1, '2020-06-01', 978966746, '«Портрет Доріана Грея»', 'Lippincott_doriangray.jpg', 320, 8, 1, 1, 1),
(2, '\"1984\"', 7, '2020-06-01', 978966746, '\"1984\"', '1984_%28Ukrainian_edition%2C_2015%29.jpg', 210, 10, 5, 7, 8),
(3, 'Майстер і Маргарита', 5, '2020-06-01', 978966746, 'Майстер і Маргарита', 'Lippincott_doriangray.jpg', 500, 8, 8, 8, 4),
(4, 'Убить пересмешника', 7, '2020-06-08', 978966746, 'Убить пересмешника', 'https://r2.readrate.com/img/pictures/book/512/512778/5127788/w91-602d8bea.jpg', 250, 8, 11, 6, 7),
(5, 'Сто лет одиночества', 9, '2020-04-06', 978966746, 'Сто лет одиночества', 'https://r2.readrate.com/img/pictures/book/303/303926/303926/w91-4d6539a7.jpg', 280, 6, 7, 7, 9),
(6, 'Преступление и наказание', 4, '2020-06-01', 978966746, 'Преступление и наказание', 'https://r2.readrate.com/img/pictures/book/239/239046/239046/w91-54a87185.jpg', 210, 8, 12, 3, 3),
(7, 'Трудно быть богом', 6, '2020-06-15', 978966746, '\r\nТрудно быть богом', 'https://r2.readrate.com/img/pictures/book/107/107989/1079892/w91-59b46752.jpg', 190, 9, 13, 8, 2),
(8, 'Граф Монте-Кристо', 9, '2020-06-08', 978966746, 'Граф Монте-Кристо', 'https://r2.readrate.com/img/pictures/book/227/227020/227020/w91-d5677caf.jpg', 250, 8, 14, 3, 5),
(9, 'Гордость и предубеждение', 9, '2020-06-08', 978966746, 'Гордость и предубеждение', 'https://r5.readrate.com/img/pictures/book/981/981871/981871/w91-c7ab4141.jpg', 250, 8, 15, 3, 10),
(10, 'Книжный вор', 3, '2020-06-13', 978966746, 'Книжный вор', 'https://r2.readrate.com/img/pictures/book/574/574535/5745354/w91-5618b631.jpg', 321, 5, 16, 6, 6);

--
-- Дамп даних таблиці `books_authors`
--

INSERT INTO `books_authors` (`id`, `written_at`, `author_id`) VALUES
(1, '2020-01-01', 1),
(2, '2020-01-01', 7),
(3, '2020-01-01', 6),
(4, '2020-01-01', 9),
(5, '2020-01-01', 2),
(6, '2020-01-01', 5),
(7, '2020-01-01', 8),
(8, '2020-01-01', 10),
(9, '2019-10-16', 3),
(10, '2020-01-21', 4),
(11, '2020-06-09', 11),
(12, '1860-06-17', 12),
(13, '1964-06-10', 13),
(14, '1815-06-17', 14),
(15, '1800-06-17', 15),
(16, '2015-06-16', 16);

--
-- Дамп даних таблиці `categories`
--

INSERT INTO `categories` (`id`, `name`, `alias`, `enabled`, `data_created`) VALUES
(1, 'роман', 'romane', 'yes', '2020-06-01'),
(2, 'антиутопия', 'antiutopia', 'yes', '2020-06-01'),
(3, 'боевик', 'action_movie', 'yes', '2020-06-01'),
(4, 'детектив', 'detective', 'yes', '2020-06-01'),
(5, 'проза', 'prose', 'yes', '2020-06-01'),
(6, 'приключения', 'adventure', 'yes', '2020-06-01'),
(8, 'классика', 'classic', 'yes', '2020-06-01'),
(9, 'фантастика', 'fantastic', 'yes', '2020-06-01'),
(10, 'фэнтэзи', 'fantasy', 'yes', '2020-06-01'),
(11, 'сказка', 'fairy_tale', 'yes', '2020-06-01'),
(12, 'триллер', 'thriller', 'yes', '2020-06-01');

--
-- Дамп даних таблиці `customers`
--

INSERT INTO `customers` (`customer_id`, `full name`, `email`, `tel`) VALUES
(1, 'Sonina Olena', 'test@gmail.com', 673250000),
(2, 'Ghislaine Hammons', 'ghislaine11@email.com', 3027863653),
(3, 'Kayla Kasel', 'kayla09@email.com', 4059515982),
(4, 'Tomasa Sons', 'sonst@email.com', 2025163180),
(5, 'Dane Odum', 'daneodum@email.com', 3867479187),
(6, 'Arron Tramel', 'tramel55@email.com', 2255570067),
(7, 'Classie Frum', 'classie1999@email.com', 2257571005),
(8, 'Cathrine Holzwarth', 'cathrine33@email.com', 3139296270),
(9, 'Margareta Cordes', 'mcordes@email.com', 2138299271),
(10, 'Buster Sammons', 'buster909@email.com', 2087520594);

--
-- Дамп даних таблиці `customers_profile`
--

INSERT INTO `customers_profile` (`profile_id`, `customer_id`, `registration_date`) VALUES
(1, 1, '2020-06-11'),
(2, 2, '2020-06-22'),
(3, 3, '2020-06-16'),
(4, 4, '2020-06-09'),
(5, 5, '2020-06-13'),
(6, 6, '2020-06-08'),
(7, 7, '2020-06-14'),
(8, 8, '2020-06-18'),
(9, 9, '2020-06-15'),
(10, 10, '2020-06-21');

--
-- Дамп даних таблиці `gift`
--

INSERT INTO `gift` (`ID`, `Name`, `Price`) VALUES
(1, 'iCool', 23),
(2, 'ZIq23', 436),
(3, 'tIkTaK', 140),
(4, 'XaHTep99', 44),
(5, 'Noobmaster', 345),
(6, 'haligali', 90),
(7, 'tomas', 67),
(8, 'csGo', 440);

--
-- Дамп даних таблиці `gift_books`
--

INSERT INTO `gift_books` (`ID`, `gift_id`, `book_id`) VALUES
(1, 4, 3),
(2, 5, 6),
(4, 2, 9),
(5, 6, 10),
(6, 7, 2),
(7, 8, 5);

--
-- Дамп даних таблиці `interests`
--

INSERT INTO `interests` (`interest_id`, `customer_id`, `genres`, `type`, `price`) VALUES
(1, 1, 'Fantasy', 'e-book', 60.00),
(2, 2, 'Romance', 'print book', 50.00),
(3, 3, 'Mystery', 'e-book', 40.00),
(4, 4, 'Fantasy', 'print book', 50.00),
(5, 5, 'Horror', 'e-book', 60.00),
(6, 6, 'Fantasy', 'e-book', 55.00),
(7, 7, 'Thriller', 'print book', 45.00),
(8, 8, 'Mystery', 'e-book', 50.00),
(9, 9, 'Contemporary', 'e-book', 60.00),
(10, 10, 'Adventure', 'print-book', 40.00);

--
-- Дамп даних таблиці `orders`
--

INSERT INTO `orders` (`id`, `payedvia`, `customer_id`, `state`, `on_time`, `on_date`) VALUES
(1, 7, 1, 'new', '15:57:48', '2020-06-26'),
(2, 5, 1, 'canceled', '22:57:06', '2020-06-27'),
(3, 1, 1, 'finished', '16:12:24', '2020-06-12'),
(4, 10, 1, 'processed', '10:14:23', '2020-06-08'),
(5, 2, 1, 'new', '23:03:26', '2020-06-11'),
(6, 4, 1, 'canceled', '16:06:26', '2020-06-21'),
(7, 7, 1, 'finished', '10:04:53', '2020-06-10'),
(8, 6, 1, 'finished', '21:18:53', '2020-06-17'),
(9, 9, 1, 'processed', '13:05:26', '2020-06-03'),
(10, 10, 1, 'processed', '11:05:26', '2020-06-20');

--
-- Дамп даних таблиці `order_products`
--

INSERT INTO `order_products` (`id`, `order_id`, `book_id`, `qty`, `price`) VALUES
(1, 7, 1, 1, 75.50),
(2, 1, 5, 1, 66.60),
(3, 2, 4, 1, 32.50),
(4, 6, 2, 2, 25.50),
(5, 3, 6, 4, 33.00),
(6, 9, 8, 1, 42.50),
(7, 4, 9, 1, 54.23),
(8, 10, 7, 2, 35.50),
(9, 5, 10, 1, 54.00),
(10, 8, 3, 2, 66.50);

--
-- Дамп даних таблиці `payed_via`
--

INSERT INTO `payed_via` (`id`, `name`, `www`) VALUES
(1, 'PayPal', 'www.paypal.com'),
(2, 'liqpay', 'www.liqpay.com'),
(3, 'Privat_24/7', 'www.privat.com'),
(4, 'Qiwi', 'www.qiwi.com'),
(5, 'Payeer', 'www.payeer.com'),
(6, 'Perfect Money', 'www.perfectmoney.com'),
(7, 'Moneygram', 'www.moneygram.com'),
(8, 'Western Union', 'www.westernunion.com'),
(9, 'TransferGo', 'www.transfergo.com'),
(10, 'Pay Ukraine', 'www.payukraine.com');

--
-- Дамп даних таблиці `price`
--

INSERT INTO `price` (`id`, `data`, `price`) VALUES
(1, '2020-06-01', 66.600),
(2, '2020-06-10', 75.500),
(3, '2020-02-04', 32.500),
(4, '2020-02-19', 54.000),
(5, '2020-01-13', 33.000),
(6, '2020-02-04', 25.500),
(7, '2020-03-17', 35.500),
(8, '2020-04-14', 65.500),
(9, '2020-02-12', 55.500),
(10, '2020-01-13', 42.500),
(11, '2019-12-16', 54.230);

--
-- Дамп даних таблиці `publisher`
--

INSERT INTO `publisher` (`id`, `name`, `www`, `country`) VALUES
(1, 'publisher 1', 'https://www.idontknow.com', 'USA'),
(2, 'publisher 2', 'https://www.idontknow.com', 'Canada'),
(3, 'publisher 3', 'https://www.idontknow.com', 'France'),
(4, 'publisher 4', 'https://www.idontknow.com', 'China'),
(5, 'publisher 5', 'https://www.idontknow.com', 'Ukraine'),
(6, 'publisher 6', 'https://www.idontknow.com', 'Britsh'),
(7, 'publisher 7', 'https://www.idontknow.com', 'India'),
(8, 'publisher 8', 'https://www.idontknow.com', 'Canada'),
(9, 'publisher 9', 'https://www.idontknow.com', 'USA'),
(10, 'publisher 10', 'https://www.idontknow.com', 'Ukraine');

--
-- Дамп даних таблиці `quotes`
--

INSERT INTO `quotes` (`ID`, `Quote`, `Position`, `Creation_date`, `book_id`) VALUES
(1, 'Революції ніколи не полегшували тягар тиранії; вони лише перекладали цей тягар з одного плеча на інше.', 2, '2020-06-15 10:47:57', 2),
(2, 'Світ складається з нероб, які хочуть мати гроші, не працюючи, і придурків, які готові працювати, не багатіючи.', 6, '2020-06-28 04:47:57', 5),
(4, 'Секрет успіху – в тому, щоб викликати обурення у якомога більшої кількості людей.', 3, '2020-03-23 06:55:32', 8),
(5, 'Найбільше люди цікавляться тим, що їх абсолютно не стосується.', 8, '2020-06-28 14:35:33', 4),
(6, 'Ідеальний чоловік – це чоловік, який вважає, що у нього ідеальна дружина.', 1, '2020-06-07 20:03:26', 1),
(7, 'Якщо ви починаєте з самопожертви заради тих, кого любите, то закінчите ненавистю до тих, кому принесли себе в жертву.', 18, '2020-06-23 07:49:34', 7);

--
-- Дамп даних таблиці `reccomend`
--

INSERT INTO `reccomend` (`id`, `data`, `book_id`) VALUES
(1, '2020-06-01', 2),
(2, '2020-06-02', 1),
(4, '2020-06-03', 10),
(5, '2020-06-04', 3),
(6, '2020-06-05', 9),
(7, '2020-06-06', 9);

--
-- Дамп даних таблиці `reviews`
--

INSERT INTO `reviews` (`ID`, `Review`, `Status`, `Mark`, `Costumer_id`) VALUES
(1, 'Гарний написання, відмінний сюжет, але, на жаль, кінцівка мені не сподобалася - надто вже проста, якщо так можна сказати.', 'Published', 100, 1),
(2, 'Ні про що. Прочитала і забула. Хороший склад, але не відчувається смисловий глибини. Обрубаний кінець.', 'Published', 200, 1),
(3, 'Ооооочень понравилась. Хотя подобные классические произведения тяжеловаты для меня .', 'Unpublished', 100, 1),
(4, 'Книга геніальна Особливий сподобалося читати про час Пилата. Чітко показана бюрократія і хабарництво чиновників Радянської Росії .', 'Published', 300, 1),
(5, 'Чомусь саме цю книгу хочеться перечитувати знову і знову. Дуже точно вивірене співвідношення повчальною складової і захоплюючого, динамічного сюжету.', 'Published', 200, 1),
(6, 'книга приголомшлива! просто шедевр. люблю життєві історії. а з 98 сторінки ридала без перерви, так було сумно.', 'Published', 100, 1),
(7, 'спасибі автору Харпер Лі за те що вона допомогла поринути в атмосферу 30-х років. Американська Класика це завжди цікаво.', 'Unpublished', 100, 1),
(8, 'Книга на деякі, здавалося б, прості речі відкриває очі. Я вражений. Шкода, що сюжет цієї антиутопії настільки близький нам', 'Published', 300, 1),
(9, 'Незвичайне твір, але я очікувала чогось більшого.\r\nНе всі моменти цікаві.', 'Unpublished', 200, 1),
(10, 'Классика!!! Всегда будет в 10-ке моих любимых книг!!!', 'Published', 100, 1);

--
-- Дамп даних таблиці `shipping_info`
--

INSERT INTO `shipping_info` (`id`, `order_id`, `customer_id`, `country`, `city`, `street`, `email`, `tel`) VALUES
(1, 8, 1, 'Italy', 'Napoli', 'Giovanni 54', 'giovanni@email.com', '+397865764742'),
(2, 9, 1, 'Spain', 'Barcelona', 'Via Barcelona 78', 'kate@email.com', '+397865678745'),
(3, 2, 1, 'Ukraine', 'Lviv', 'Lvivska 32', 'johny@email.com', '+380975647323'),
(4, 1, 1, 'Ukraine', 'Khmelnitskiy', 'Prospect 12', 'petro@email.com', '+380976574534'),
(5, 7, 1, 'Ukraine', 'Ternopil', 'Ternopilska 43', 'zoyia@email.com', '+380986574352'),
(6, 10, 1, 'France', 'Paris', 'Rue Cadet 78', 'cadet@email.com', '+338976875645'),
(7, 9, 1, 'Italy', 'Milan', 'Stendardo 89', 'berlusconni@email.com', '+398767564534'),
(8, 10, 1, 'Ukraine', 'Khmelnitskiy', 'Pilotska 32', 'oleksandr@email.com', '+380965463423'),
(9, 1, 1, 'Italy', 'Roma', 'Via Roma 23', 'rom@email.com', '+398765467852'),
(10, 1, 1, 'Ukraine', 'Kharkiv', 'Prospect 55', 'den@email.com', '+380964563423');

--
-- Дамп даних таблиці `tags`
--

INSERT INTO `tags` (`ID`, `Tag`, `Position`, `Creation_date`, `book_id`) VALUES
(1, 'Художній', 2, '2020-06-07 06:55:38', 2),
(2, 'Історичний', 4, '2020-06-28 04:47:57', 2),
(4, 'Для усієї сім\'ї', 5, '2020-06-15 02:05:00', 6),
(5, 'Для чоловіків', 2, '2020-06-07 16:52:25', 4),
(6, 'Для жінок', 1, '2020-06-15 16:43:39', 3),
(7, 'Цікавий', 7, '2020-06-28 14:35:33', 8),
(8, 'Соціальний', 2, '2020-06-08 08:49:31', 1),
(9, 'Драматичний', 1, '2020-06-30 10:55:40', 5);

--
-- Дамп даних таблиці `wish_lists`
--

INSERT INTO `wish_lists` (`id`, `profile_id`, `book_id`) VALUES
(1, 1, 3),
(2, 2, 6),
(3, 3, 8),
(4, 4, 9),
(5, 5, 10),
(6, 6, 8),
(7, 7, 5),
(8, 8, 2),
(9, 9, 1),
(10, 10, 10);
COMMIT;

/*!40101 SET CHARACTER_SET_CLIENT=@OLD_CHARACTER_SET_CLIENT */;
/*!40101 SET CHARACTER_SET_RESULTS=@OLD_CHARACTER_SET_RESULTS */;
/*!40101 SET COLLATION_CONNECTION=@OLD_COLLATION_CONNECTION */;
